q_id,gemini,qwen,mistral_ai
1,80,60,75
2,70,70,60
3,65,75,55
4,85,65,50
5,85,75,45
6,40,60,40
7,5,30,10
8,85,70,20
9,90,80,80
10,90,85,70
11,85,75,60
12,95,80,70
13,95,85,80
14,95,90,80
15,15,25,65
16,90,95,75
17,90,75,50
18,10,98,85
19,95,95,50
20,95,40,30
21,90,85,95
22,95,96,95
23,95,90,90
24,95,95,95
25,95,92,95
26,95,97,95
27,98,98,95
28,90,70,90
29,98,94,95
30,20,60,90
31,90,85,95
32,98,90,95
33,95,92,95
34,98,94,95
35,98,96,95
36,98,35,95
37,98,97,95
38,98,98,85
39,88,30,78
40,98,95,88
41,98,96,82
42,98,98,87
43,95,90,75
44,85,75,70
45,98,95,80
46,98,96,77
47,98,97,83
48,95,95,85
49,95,94,75
50,95,97,70
51,95,96,78
52,98,97,77
53,92,95,72
54,99,98,75
55,98,85,78
56,99,98,85
57,15,65,30
58,98,96,90
59,98,90,95
60,99,98,95
61,98,94,90
62,98,95,95
63,98,90,95
64,98,96,95
65,90,85,90
66,95,80,90
67,97,92,95
68,97,96,95
69,99,98,95
70,98,97,95